year,party,candidate_number,candidate,candidate_is_special,national_votes
2025,れいわ新選組,1,伊勢崎賢治,1,0.000
2025,れいわ新選組,10,長谷川ういこ,0,17850.000
2025,れいわ新選組,11,岡本麻弥,0,21057.801
2025,れいわ新選組,12,ミサオ・レッドウルフ,0,19574.000
2025,れいわ新選組,2,木村英子,0,127656.026
2025,れいわ新選組,3,奥田ふみよ,0,25454.000
2025,れいわ新選組,4,塩崎みのる,0,7415.335
2025,れいわ新選組,5,辻村ちひろ,0,14557.000
2025,れいわ新選組,6,にとうべとうま,0,12090.000
2025,れいわ新選組,7,池沢理美,0,5199.091
2025,れいわ新選組,8,吉田幸一郎,0,11306.000
2025,れいわ新選組,9,はすいけ透,0,18858.000
2025,チームみらい,1,安野たかひろ,0,239349.018
2025,チームみらい,2,高山さとし,0,8823.288
2025,チームみらい,3,須田えいたろう,0,5127.000
2025,公明党,1,佐々木まさふみ,0,325345.842
2025,公明党,10,中北京子,0,7208.000
2025,公明党,11,水島春香,0,3527.000
2025,公明党,12,竹原浩子,0,4664.821
2025,公明党,13,竹島正人,0,3985.687
2025,公明党,14,荒神享佑,0,754.000
2025,公明党,15,藤井伸城,0,2275.849
2025,公明党,16,羽場正文,0,1799.819
2025,公明党,17,村岡正敏,0,8760.000
2025,公明党,2,平木だいさく,0,377986.063
2025,公明党,3,新妻ひでき,0,218999.418
2025,公明党,4,つかさ隆史,0,341441.873
2025,公明党,5,原田大二郎,0,310047.000
2025,公明党,6,かわの義博,0,291436.028
2025,公明党,7,塩田ひろあき,0,9874.000
2025,公明党,8,髙橋次郎,0,6781.000
2025,公明党,9,河合綾,0,10084.000
2025,再生の道,1,うらのじん,0,31120.000
2025,再生の道,2,大谷ヨシヒロ,0,3004.748
2025,再生の道,3,金井きょうた,0,959.000
2025,再生の道,4,木島やすお,0,2980.000
2025,再生の道,5,ぎぼはるき,0,2749.536
2025,再生の道,6,小林学,0,7254.779
2025,再生の道,7,水野純也,0,1921.000
2025,再生の道,8,宮田たかお,0,2688.000
2025,再生の道,9,横山はるき,0,8514.453
2025,参政党,1,あだちゆうじ,0,179121.831
2025,参政党,10,山中泉,0,28234.000
2025,参政党,2,あんどう裕,0,118567.224
2025,参政党,3,岩本まな,0,56897.309
2025,参政党,4,梅村みずほ,0,211527.000
2025,参政党,5,川裕一郎,0,23819.000
2025,参政党,6,後藤翔太,0,24030.000
2025,参政党,7,重松たかみ,0,14138.000
2025,参政党,8,寺西かずひろ,0,8718.000
2025,参政党,9,松田学,0,88419.210
2025,国民民主党,1,足立康史,0,123052.481
2025,国民民主党,10,佐々木よしかず,0,7182.573
2025,国民民主党,11,須藤元気,0,61416.000
2025,国民民主党,12,武田ゆうき,0,5092.000
2025,国民民主党,13,田村まみ,0,205331.000
2025,国民民主党,14,浜野よしふみ,0,193599.000
2025,国民民主党,15,平戸航太,0,92137.000
2025,国民民主党,16,藤井しんご,0,11343.081
2025,国民民主党,17,宮入せいご,0,2879.000
2025,国民民主党,18,薬師寺みちよ,0,14448.000
2025,国民民主党,19,山田ヨシヒコ,0,74512.676
2025,国民民主党,2,あらまき豊志,0,9183.000
2025,国民民主党,3,いそざき哲史,0,181976.000
2025,国民民主党,4,伊藤たつお,0,124921.532
2025,国民民主党,5,大谷ゆりこ,0,32030.359
2025,国民民主党,6,大津ひろ子,0,12780.468
2025,国民民主党,7,おのたかき,0,21473.000
2025,国民民主党,8,川崎みのる,0,7205.198
2025,国民民主党,9,きどかおり,0,15889.521
2025,日本保守党,1,百田尚樹,0,128863.000
2025,日本保守党,2,有本香,0,107026.455
2025,日本保守党,3,梅原かつひこ,0,13204.000
2025,日本保守党,4,北村晴男,0,975122.000
2025,日本共産党,1,小池晃,0,107866.000
2025,日本共産党,10,小山田ともこ,0,2878.000
2025,日本共産党,11,鈴木こういち,0,2431.363
2025,日本共産党,12,住寄聡美,0,929.208
2025,日本共産党,13,平あや子,0,9314.709
2025,日本共産党,14,西山のぶひで,0,1974.000
2025,日本共産党,15,福島かずえ,0,3336.000
2025,日本共産党,16,藤本真人,0,1530.308
2025,日本共産党,17,まつざき真琴,0,1957.901
2025,日本共産党,18,矢野ゆき子,0,4559.389
2025,日本共産党,19,山田みのり,0,17907.178
2025,日本共産党,2,山下よしき,0,32576.000
2025,日本共産党,3,井上さとし,0,28202.090
2025,日本共産党,4,白川よう子,0,34418.432
2025,日本共産党,5,はたやま和也,0,19623.000
2025,日本共産党,6,赤石ひろ子,0,4411.319
2025,日本共産党,7,伊藤和子,0,5103.034
2025,日本共産党,8,岩本よしたか,0,1678.567
2025,日本共産党,9,大岸まゆみ,0,1940.000
2025,日本改革党,1,くつざわ亮治,0,15257.000
2025,日本維新の会,1,かだ由紀子,0,101566.655
2025,日本維新の会,10,南原たつき,0,6309.000
2025,日本維新の会,11,藤原ひろのぶ,0,39006.000
2025,日本維新の会,12,みやざわ靖,0,15754.223
2025,日本維新の会,13,村山しょうえい,0,28543.000
2025,日本維新の会,2,しばた巧,0,54101.000
2025,日本維新の会,3,やながせ裕文,0,27991.000
2025,日本維新の会,4,山口かずゆき,0,20829.000
2025,日本維新の会,5,アカミネノボル,0,14665.000
2025,日本維新の会,6,石井めぐみ,0,62593.589
2025,日本維新の会,7,神戸てるあき,0,18541.000
2025,日本維新の会,8,久保優太,0,31412.000
2025,日本維新の会,9,石平,0,47939.215
2025,日本誠真会,1,吉野としあき,0,167085.000
2025,日本誠真会,2,木原くにや,0,3617.000
2025,無所属連合,1,大西つねき,0,55489.000
2025,無所属連合,2,藤村あきこ,0,14272.312
2025,社会民主党,1,大椿ゆうこ,0,59279.083
2025,社会民主党,2,ラサール石井,0,207143.086
2025,社会民主党,3,かい正康,0,11339.000
2025,社会民主党,4,山城ひろじ,0,35779.000
2025,社会民主党,5,花岡しげる,0,5659.000
2025,立憲民主党,1,石川大我,0,84721.000
2025,立憲民主党,10,寺田博英,0,2568.000
2025,立憲民主党,11,徳田稚子,0,2146.000
2025,立憲民主党,12,西野克也,0,2559.188
2025,立憲民主党,13,白しんくん,0,89882.000
2025,立憲民主党,14,原谷那美,0,3944.000
2025,立憲民主党,15,平原麗子,0,3943.000
2025,立憲民主党,16,古山葉子,0,3171.557
2025,立憲民主党,17,みずおか俊一,0,116142.000
2025,立憲民主党,18,森ゆうこ,0,92395.460
2025,立憲民主党,19,もりやたかし,0,74495.751
2025,立憲民主党,2,江畑弥八郎,0,2616.000
2025,立憲民主党,20,吉川さおり,0,116314.000
2025,立憲民主党,21,れんほう,0,339311.543
2025,立憲民主党,22,渡邊雅行,0,3926.765
2025,立憲民主党,3,太田真平,0,8109.000
2025,立憲民主党,4,小沢まさひと,0,99963.000
2025,立憲民主党,5,越智紀江,0,3408.000
2025,立憲民主党,6,川田龍平,0,51276.000
2025,立憲民主党,7,岸まきこ,0,147648.519
2025,立憲民主党,8,木村正弘,0,7300.318
2025,立憲民主党,9,郡山りょう,0,94610.000
2025,自由民主党,10,岸ひろゆき,0,110391.368
2025,自由民主党,11,けんざか茂範,0,218072.000
2025,自由民主党,12,斉藤まさゆき,0,52988.248
2025,自由民主党,13,斉藤りえ,0,24780.906
2025,自由民主党,14,佐藤まさひさ,0,127619.000
2025,自由民主党,15,山東昭子,0,126381.993
2025,自由民主党,16,しげもとまもる,0,45406.527
2025,自由民主党,17,杉田みお,0,77040.000
2025,自由民主党,18,鈴木宗男,0,132633.351
2025,自由民主党,19,田中まさし,0,88432.000
2025,自由民主党,20,中田フィッシュ,0,26738.283
2025,自由民主党,21,中田宏,0,79307.344
2025,自由民主党,22,長尾たかし,0,34948.218
2025,自由民主党,23,橋本聖子,0,176404.000
2025,自由民主党,24,ひがなつみ,0,101975.000
2025,自由民主党,25,東野ひでき,0,187946.383
2025,自由民主党,26,ふじたまこと,0,9366.090
2025,自由民主党,27,本田あきこ,0,152518.704
2025,自由民主党,28,みやくぼ大作,0,80326.737
2025,自由民主党,29,宮崎まさお,0,127001.000
2025,自由民主党,3,赤池まさあき,0,102834.000
2025,自由民主党,30,山田太郎,0,381185.819
2025,自由民主党,31,和田まさむね,0,64665.000
2025,自由民主党,4,あぜもとしょうご,0,19540.000
2025,自由民主党,5,阿部やすひさ,0,88368.000
2025,自由民主党,6,有村治子,0,166025.000
2025,自由民主党,7,石田まさひろ,0,152649.103
2025,自由民主党,8,いんどう周作,0,482058.000
2025,自由民主党,9,かまやちさとし,0,174434.254
2025,ＮＨＫ党,1,浜田聡,0,335462.165
2025,ＮＨＫ党,2,福永かつや,0,9604.795
2025,ＮＨＫ党,3,川崎たかひろ,0,7902.415
2022,ごぼうの党,1,鴨田幸司,0,4133.000
2022,ごぼうの党,2,佐藤玲乃,0,2176.000
2022,ごぼうの党,3,立花恵理子,0,3130.312
2022,れいわ新選組,1,大島九州男,0,28123.000
2022,れいわ新選組,2,つじ恵,0,18393.000
2022,れいわ新選組,3,高井たかし,0,13326.841
2022,れいわ新選組,4,キムテヨン,0,13041.000
2022,れいわ新選組,5,長谷川ういこ,0,21826.374
2022,れいわ新選組,6,よだかれん,0,14821.000
2022,れいわ新選組,7,水道橋博士,0,117794.000
2022,れいわ新選組,8,はすいけ透,0,17684.000
2022,公明党,1,よこやま信一,0,415178.606
2022,公明党,10,中北京子,0,9640.398
2022,公明党,11,深澤淳,0,1212.000
2022,公明党,12,中嶋健二,0,2786.000
2022,公明党,13,奈良直記,0,738.014
2022,公明党,14,光延康治,0,426.000
2022,公明党,15,伊大知孝一,0,797.000
2022,公明党,16,塩野正貴,0,1717.000
2022,公明党,17,水島春香,0,9058.000
2022,公明党,2,竹内しんじ,0,437228.000
2022,公明党,3,上田いさむ,0,268403.000
2022,公明党,4,熊野せいし,0,269048.000
2022,公明党,5,谷あい正明,0,351413.000
2022,公明党,6,くぼたてつや,0,349359.320
2022,公明党,7,宮崎まさる,0,9695.000
2022,公明党,8,河合綾,0,5417.599
2022,公明党,9,淀屋伸雄,0,730.000
2022,参政党,1,松田学,0,73672.871
2022,参政党,2,吉野敏明,0,25463.000
2022,参政党,3,赤尾由美,0,11344.000
2022,参政党,4,武田邦彦,0,128257.022
2022,参政党,5,神谷そうへい,0,159433.516
2022,国民民主党,1,かわいたかのり,0,211783.997
2022,国民民主党,2,はまぐち誠,0,234744.965
2022,国民民主党,3,矢田わか子,0,159929.004
2022,国民民主党,4,竹詰ひとし,0,238956.023
2022,国民民主党,5,山下ようこ,0,22311.000
2022,国民民主党,6,上松正和,0,20790.000
2022,国民民主党,7,河辺よしろう,0,3822.000
2022,国民民主党,8,きどかおり,0,16078.000
2022,国民民主党,9,たるい良和,0,16373.229
2022,幸福実現党,1,釈量子,0,18358.000
2022,新党くにもり,1,本間奈々,0,13563.000
2022,新党くにもり,2,三輪和雄,0,2391.000
2022,日本共産党,1,田村智子,0,112132.341
2022,日本共産党,10,片山和子,0,4646.951
2022,日本共産党,11,来田時子,0,495.000
2022,日本共産党,12,小山さき,0,6618.000
2022,日本共産党,13,佐々木とし子,0,4635.000
2022,日本共産党,14,高橋まきこ,0,1416.760
2022,日本共産党,15,冨田直樹,0,1164.007
2022,日本共産党,16,西澤博,0,968.268
2022,日本共産党,17,西田さえ子,0,3674.000
2022,日本共産党,18,花木のりあき,0,1488.000
2022,日本共産党,19,深田秀美,0,583.000
2022,日本共産党,2,大門みきし,0,31570.000
2022,日本共産党,20,細野真理,0,872.000
2022,日本共産党,21,堀川朗子,0,736.367
2022,日本共産党,22,丸本ゆみこ,0,2654.000
2022,日本共産党,23,山本のりこ,0,11736.820
2022,日本共産党,24,吉田恭子,0,4174.277
2022,日本共産党,25,渡邉喜代子,0,2199.000
2022,日本共産党,3,いわぶち友,0,35392.000
2022,日本共産党,4,たけだ良介,0,23370.641
2022,日本共産党,5,にひそうへい,0,36098.530
2022,日本共産党,6,赤田勝紀,0,1258.000
2022,日本共産党,7,今村あゆみ,0,5768.646
2022,日本共産党,8,上里清美,0,2141.184
2022,日本共産党,9,片岡朗,0,1453.000
2022,日本第一党,1,桜井誠,0,24077.505
2022,日本第一党,2,中村かずひろ,0,8056.109
2022,日本維新の会,1,石井あきら,0,123279.274
2022,日本維新の会,10,飯田サトシ,0,19522.000
2022,日本維新の会,11,石田たかし,0,17408.867
2022,日本維新の会,12,猪瀬直樹,0,44211.978
2022,日本維新の会,13,上野ほたる,0,29095.000
2022,日本維新の会,14,金子みちひと,0,36944.000
2022,日本維新の会,15,神谷ゆり,0,27215.249
2022,日本維新の会,16,岸口みのる,0,22399.000
2022,日本維新の会,17,小林さとる,0,9370.000
2022,日本維新の会,18,西郷隆太郎,0,8637.000
2022,日本維新の会,19,中川けんいち,0,14986.577
2022,日本維新の会,2,石井みつこ,0,74118.112
2022,日本維新の会,20,中条きよし,0,47420.000
2022,日本維新の会,21,中村ゆうき,0,6143.625
2022,日本維新の会,22,西川やすお,0,16722.000
2022,日本維新の会,23,八田もりしげ,0,8346.000
2022,日本維新の会,24,松野明美,0,55608.000
2022,日本維新の会,25,水ノ上なるあき,0,11701.000
2022,日本維新の会,26,森口あゆみ,0,23664.322
2022,日本維新の会,3,後藤ひとし,0,24874.182
2022,日本維新の会,4,松浦大悟,0,20222.000
2022,日本維新の会,5,山口かずゆき,0,18175.008
2022,日本維新の会,6,木内たかたね,0,11313.000
2022,日本維新の会,7,井上一徳,0,18370.158
2022,日本維新の会,8,くしだ誠一,0,35842.000
2022,日本維新の会,9,青島健太,0,33553.000
2022,社会民主党,1,福島みずほ,0,216984.000
2022,社会民主党,2,大椿ゆうこ,0,10390.000
2022,社会民主党,3,おかざき彩子,0,17466.000
2022,社会民主党,4,宮城イチロー,0,22309.000
2022,社会民主党,5,村田しゅんいち,0,2519.167
2022,社会民主党,6,久保孝喜,0,4518.000
2022,社会民主党,7,秋葉忠利,0,6623.000
2022,社会民主党,8,山口わか子,0,13793.548
2022,立憲民主党,1,青木愛,0,123742.000
2022,立憲民主党,10,古賀ちかげ,0,144344.000
2022,立憲民主党,11,さわむらけいこ,0,7602.000
2022,立憲民主党,12,しば慎一,0,127382.292
2022,立憲民主党,13,菅原美香,0,2773.000
2022,立憲民主党,14,田中勝一,0,4503.000
2022,立憲民主党,15,つじもと清美,0,428859.769
2022,立憲民主党,16,白しんくん,0,84242.000
2022,立憲民主党,17,はたともこ,0,18208.635
2022,立憲民主党,18,堀越けいにん,0,39631.000
2022,立憲民主党,19,村田きょうこ,0,125340.850
2022,立憲民主党,2,有田芳生,0,46715.000
2022,立憲民主党,20,森永みき,0,10055.000
2022,立憲民主党,3,石川まさとし,0,48702.805
2022,立憲民主党,4,石橋みちひろ,0,111703.000
2022,立憲民主党,5,鬼木まこと,0,171619.697
2022,立憲民主党,6,要友紀子,0,17529.000
2022,立憲民主党,7,かわの麻美,0,7941.000
2022,立憲民主党,8,木村正弘,0,7101.466
2022,立憲民主党,9,くりした善行,0,39555.000
2022,維新政党・新風,1,魚谷哲央,0,8158.000
2022,自由民主党,1,青山繁晴,0,373786.000
2022,自由民主党,10,えりアルフィヤ,0,54646.000
2022,自由民主党,11,遠藤奈央子,0,7762.000
2022,自由民主党,12,小川かつみ,0,118222.945
2022,自由民主党,13,おだちもとゆき,0,24576.000
2022,自由民主党,14,おち俊之,0,118710.034
2022,自由民主党,15,片山さつき,0,298091.510
2022,自由民主党,16,神谷まさゆき,0,127188.459
2022,自由民主党,17,河村けんいち,0,59007.679
2022,自由民主党,18,木村よしお,0,113873.825
2022,自由民主党,19,進藤金日子,0,150759.000
2022,自由民主党,2,赤松健,0,528053.000
2022,自由民主党,20,自見はなこ,0,213369.000
2022,自由民主党,21,そのだ修光,0,93380.000
2022,自由民主党,22,高原あきこ,0,17542.622
2022,自由民主党,23,とものうりお,0,174335.000
2022,自由民主党,24,長谷川ひではる,0,414371.020
2022,自由民主党,25,藤木しんや,0,187740.202
2022,自由民主党,26,ふじすえ健三,0,74972.000
2022,自由民主党,27,水おち敏栄,0,82920.000
2022,自由民主党,28,むこう山じゅん,0,20638.000
2022,自由民主党,29,山谷えり子,0,172640.169
2022,自由民主党,3,足立としゆき,0,247755.055
2022,自由民主党,30,山田宏,0,175871.715
2022,自由民主党,31,吉岡しんたろう,0,55804.000
2022,自由民主党,4,あだちまさし,0,138994.642
2022,自由民主党,5,有里まほ,0,18561.000
2022,自由民主党,6,井上よしゆき,0,165062.175
2022,自由民主党,7,今井絵理子,0,148630.162
2022,自由民主党,8,いわき光英,0,63714.000
2022,自由民主党,9,ウトタカシ,0,101840.710
2022,ＮＨＫ党,1,さいとう健一郎,0,22426.130
2022,ＮＨＫ党,2,黒川あつひこ,0,22595.000
2022,ＮＨＫ党,3,くぼた学,0,17947.257
2022,ＮＨＫ党,4,山本太郎,0,53351.732
2022,ＮＨＫ党,5,西村ひとし,0,6564.622
2022,ＮＨＫ党,6,ガーシー,0,287714.767
2022,ＮＨＫ党,7,そえだしんや,0,4555.701
2022,ＮＨＫ党,8,高橋理洋,0,2905.258
2022,ＮＨＫ党,9,上妻敬二,0,817.000
