year,prefecture_code,district,geometry_key
2025,01,えりも町,01609
2025,01,せたな町,01371
2025,01,むかわ町,01586
2025,01,ニセコ町,01395
2025,01,七飯町,01337
2025,01,三笠市,01222
2025,01,上ノ国町,01362
2025,01,上士幌町,01633
2025,01,上富良野町,01460
2025,01,上川町,01457
2025,01,上砂川町,01425
2025,01,下川町,01468
2025,01,中富良野町,01461
2025,01,中川町,01471
2025,01,中札内村,01638
2025,01,中標津町,01692
2025,01,中頓別町,01513
2025,01,乙部町,01364
2025,01,京極町,01399
2025,01,仁木町,01407
2025,01,今金町,01370
2025,01,伊達市,01233
2025,01,佐呂間町,01552
2025,01,余市町,01408
2025,01,倶知安町,01400
2025,01,八雲町,01346
2025,01,共和町,01401
2025,01,函館市,01202
2025,01,初山別村,01485
2025,01,別海町,01691
2025,01,利尻富士町,01519
2025,01,利尻町,01518
2025,01,剣淵町,01465
2025,01,北広島市,01234
2025,01,北斗市,01236
2025,01,北竜町,01437
2025,01,北見市,01208
2025,01,千歳市,01224
2025,01,南富良野町,01462
2025,01,南幌町,01423
2025,01,占冠村,01463
2025,01,厚岸町,01662
2025,01,厚沢部町,01363
2025,01,厚真町,01581
2025,01,古平町,01406
2025,01,名寄市,01221
2025,01,和寒町,01464
2025,01,喜茂別町,01398
2025,01,増毛町,01481
2025,01,士別市,01220
2025,01,士幌町,01632
2025,01,壮瞥町,01575
2025,01,夕張市,01209
2025,01,大樹町,01641
2025,01,大空町,01564
2025,01,天塩町,01487
2025,01,奈井江町,01424
2025,01,奥尻町,01367
2025,01,妹背牛町,01433
2025,01,安平町,01585
2025,01,室蘭市,01205
2025,01,富良野市,01229
2025,01,寿都町,01392
2025,01,小平町,01482
2025,01,小樽市,01203
2025,01,小清水町,01547
2025,01,岩内町,01402
2025,01,岩見沢市,01210
2025,01,島牧村,01391
2025,01,帯広市,01207
2025,01,幌加内町,01472
2025,01,幌延町,01520
2025,01,幕別町,01643
2025,01,平取町,01602
2025,01,広尾町,01642
2025,01,弟子屈町,01665
2025,01,当別町,01303
2025,01,当麻町,01454
2025,01,恵庭市,01231
2025,01,愛別町,01456
2025,01,斜里町,01545
2025,01,新ひだか町,01610
2025,01,新冠町,01604
2025,01,新十津川町,01432
2025,01,新得町,01635
2025,01,新篠津村,01304
2025,01,日高町,01601
2025,01,旭川市,01204
2025,01,更別村,01639
2025,01,月形町,01430
2025,01,木古内町,01334
2025,01,本別町,01646
2025,01,札幌市中央区,01101
2025,01,札幌市北区,01102
2025,01,札幌市南区,01106
2025,01,札幌市厚別区,01108
2025,01,札幌市手稲区,01109
2025,01,札幌市東区,01103
2025,01,札幌市清田区,01110
2025,01,札幌市白石区,01104
2025,01,札幌市西区,01107
2025,01,札幌市豊平区,01105
2025,01,東川町,01458
2025,01,東神楽町,01453
2025,01,松前町,01331
2025,01,枝幸町,01514
2025,01,栗山町,01429
2025,01,根室市,01223
2025,01,森町,01345
2025,01,様似町,01608
2025,01,標津町,01693
2025,01,標茶町,01664
2025,01,歌志内市,01227
2025,01,比布町,01455
2025,01,江別市,01217
2025,01,江差町,01361
2025,01,池田町,01644
2025,01,沼田町,01438
2025,01,泊村,01403
2025,01,洞爺湖町,01584
2025,01,津別町,01544
2025,01,浜中町,01663
2025,01,浜頓別町,01512
2025,01,浦幌町,01649
2025,01,浦河町,01607
2025,01,浦臼町,01431
2025,01,深川市,01228
2025,01,清水町,01636
2025,01,清里町,01546
2025,01,湧別町,01559
2025,01,滝上町,01560
2025,01,滝川市,01225
2025,01,猿払村,01511
2025,01,由仁町,01427
2025,01,留寿都村,01397
2025,01,留萌市,01212
2025,01,登別市,01230
2025,01,白糠町,01668
2025,01,白老町,01578
2025,01,真狩村,01396
2025,01,知内町,01333
2025,01,石狩市,01235
2025,01,砂川市,01226
2025,01,礼文町,01517
2025,01,神恵内村,01404
2025,01,福島町,01332
2025,01,秩父別町,01434
2025,01,稚内市,01214
2025,01,積丹町,01405
2025,01,紋別市,01219
2025,01,網走市,01211
2025,01,置戸町,01550
2025,01,羅臼町,01694
2025,01,美唄市,01215
2025,01,美幌町,01543
2025,01,美深町,01469
2025,01,美瑛町,01459
2025,01,羽幌町,01484
2025,01,興部町,01561
2025,01,芦別市,01216
2025,01,芽室町,01637
2025,01,苫前町,01483
2025,01,苫小牧市,01213
2025,01,蘭越町,01394
2025,01,西興部村,01562
2025,01,訓子府町,01549
2025,01,豊富町,01516
2025,01,豊浦町,01571
2025,01,豊頃町,01645
2025,01,赤井川村,01409
2025,01,赤平市,01218
2025,01,足寄町,01647
2025,01,遠別町,01486
2025,01,遠軽町,01555
2025,01,釧路市,01206
2025,01,釧路町,01661
2025,01,長万部町,01347
2025,01,長沼町,01428
2025,01,陸別町,01648
2025,01,雄武町,01563
2025,01,雨竜町,01436
2025,01,音威子府村,01470
2025,01,音更町,01631
2025,01,鶴居村,01667
2025,01,鷹栖町,01452
2025,01,鹿追町,01634
2025,01,鹿部町,01343
2025,01,黒松内町,01393
2025,02,おいらせ町,02412
2025,02,つがる市,02209
2025,02,むつ市,02208
2025,02,七戸町,02402
2025,02,三戸町,02441
2025,02,三沢市,02207
2025,02,中泊町,02387
2025,02,五戸町,02442
2025,02,五所川原市,02205
2025,02,今別町,02303
2025,02,佐井村,02426
2025,02,八戸市,02203
2025,02,六ヶ所村,02411
2025,02,六戸町,02405
2025,02,十和田市,02206
2025,02,南部町,02445
2025,02,外ヶ浜町,02307
2025,02,大間町,02423
2025,02,大鰐町,02362
2025,02,平内町,02301
2025,02,平川市,02210
2025,02,弘前市,02202
2025,02,新郷村,02450
2025,02,東北町,02408
2025,02,東通村,02424
2025,02,板柳町,02381
2025,02,横浜町,02406
2025,02,深浦町,02323
2025,02,田子町,02443
2025,02,田舎館村,02367
2025,02,蓬田村,02304
2025,02,藤崎町,02361
2025,02,西目屋村,02343
2025,02,野辺地町,02401
2025,02,階上町,02446
2025,02,青森市,02201
2025,02,風間浦村,02425
2025,02,鰺ヶ沢町,02321
2025,02,鶴田町,02384
2025,02,黒石市,02204
2025,03,一戸町,03524
2025,03,一関市,03209
2025,03,久慈市,03207
2025,03,九戸村,03506
2025,03,二戸市,03213
2025,03,住田町,03441
2025,03,八幡平市,03214
2025,03,北上市,03206
2025,03,大槌町,03461
2025,03,大船渡市,03203
2025,03,奥州市,03215
2025,03,宮古市,03202
2025,03,山田町,03482
2025,03,岩手町,03303
2025,03,岩泉町,03483
2025,03,平泉町,03402
2025,03,普代村,03485
2025,03,洋野町,03507
2025,03,滝沢市,03216
2025,03,田野畑村,03484
2025,03,盛岡市,03201
2025,03,矢巾町,03322
2025,03,紫波町,03321
2025,03,花巻市,03205
2025,03,葛巻町,03302
2025,03,西和賀町,03366
2025,03,軽米町,03501
2025,03,遠野市,03208
2025,03,野田村,03503
2025,03,金ケ崎町,03381
2025,03,釜石市,03211
2025,03,陸前高田市,03210
2025,03,雫石町,03301
2025,04,七ヶ宿町,04302
2025,04,七ヶ浜町,04404
2025,04,丸森町,04341
2025,04,亘理町,04361
2025,04,仙台市太白区,04104
2025,04,仙台市宮城野区,04102
2025,04,仙台市泉区,04105
2025,04,仙台市若林区,04103
2025,04,仙台市青葉区,04101
2025,04,利府町,04406
2025,04,加美町,04445
2025,04,南三陸町,04606
2025,04,名取市,04207
2025,04,塩竈市,04203
2025,04,多賀城市,04209
2025,04,大和町,04421
2025,04,大崎市,04215
2025,04,大河原町,04321
2025,04,大衡村,04424
2025,04,大郷町,04422
2025,04,女川町,04581
2025,04,富谷市,04423
2025,04,山元町,04362
2025,04,岩沼市,04211
2025,04,川崎町,04324
2025,04,村田町,04322
2025,04,東松島市,04214
2025,04,松島町,04401
2025,04,柴田町,04323
2025,04,栗原市,04213
2025,04,気仙沼市,04205
2025,04,涌谷町,04501
2025,04,登米市,04212
2025,04,白石市,04206
2025,04,石巻市,04202
2025,04,美里町,04505
2025,04,色麻町,04444
2025,04,蔵王町,04301
2025,04,角田市,04208
2025,05,にかほ市,05214
2025,05,三種町,05348
2025,05,上小阿仁村,05327
2025,05,五城目町,05361
2025,05,井川町,05366
2025,05,仙北市,05215
2025,05,八峰町,05349
2025,05,八郎潟町,05363
2025,05,北秋田市,05213
2025,05,大仙市,05212
2025,05,大潟村,05368
2025,05,大館市,05204
2025,05,小坂町,05303
2025,05,東成瀬村,05464
2025,05,横手市,05203
2025,05,湯沢市,05207
2025,05,潟上市,05211
2025,05,由利本荘市,05210
2025,05,男鹿市,05206
2025,05,秋田市,05201
2025,05,美郷町,05434
2025,05,羽後町,05463
2025,05,能代市,05202
2025,05,藤里町,05346
2025,05,鹿角市,05209
2025,06,三川町,06426
2025,06,上山市,06207
2025,06,中山町,06302
2025,06,南陽市,06213
2025,06,大江町,06324
2025,06,大石田町,06341
2025,06,大蔵村,06365
2025,06,天童市,06210
2025,06,寒河江市,06206
2025,06,小国町,06401
2025,06,尾花沢市,06212
2025,06,山形市,06201
2025,06,山辺町,06301
2025,06,川西町,06382
2025,06,庄内町,06428
2025,06,戸沢村,06367
2025,06,新庄市,06205
2025,06,最上町,06362
2025,06,朝日町,06323
2025,06,村山市,06208
2025,06,東根市,06211
2025,06,河北町,06321
2025,06,白鷹町,06402
2025,06,真室川町,06364
2025,06,米沢市,06202
2025,06,舟形町,06363
2025,06,西川町,06322
2025,06,遊佐町,06461
2025,06,酒田市,06204
2025,06,金山町,06361
2025,06,長井市,06209
2025,06,飯豊町,06403
2025,06,高畠町,06381
2025,06,鮭川村,06366
2025,06,鶴岡市,06203
2025,07,いわき市,07204
2025,07,三島町,07444
2025,07,三春町,07521
2025,07,下郷町,07362
2025,07,中島村,07465
2025,07,二本松市,07210
2025,07,伊達市,07213
2025,07,会津坂下町,07421
2025,07,会津美里町,07447
2025,07,会津若松市,07202
2025,07,北塩原村,07402
2025,07,南会津町,07368
2025,07,南相馬市,07212
2025,07,双葉町,07546
2025,07,古殿町,07505
2025,07,只見町,07367
2025,07,喜多方市,07208
2025,07,国見町,07303
2025,07,塙町,07483
2025,07,大熊町,07545
2025,07,大玉村,07322
2025,07,天栄村,07344
2025,07,富岡町,07543
2025,07,小野町,07522
2025,07,川俣町,07308
2025,07,川内村,07544
2025,07,平田村,07503
2025,07,広野町,07541
2025,07,新地町,07561
2025,07,昭和村,07446
2025,07,本宮市,07214
2025,07,柳津町,07423
2025,07,桑折町,07301
2025,07,棚倉町,07481
2025,07,楢葉町,07542
2025,07,檜枝岐村,07364
2025,07,泉崎村,07464
2025,07,浅川町,07504
2025,07,浪江町,07547
2025,07,湯川村,07422
2025,07,猪苗代町,07408
2025,07,玉川村,07502
2025,07,田村市,07211
2025,07,白河市,07205
2025,07,相馬市,07209
2025,07,矢吹町,07466
2025,07,矢祭町,07482
2025,07,石川町,07501
2025,07,磐梯町,07407
2025,07,福島市,07201
2025,07,葛尾村,07548
2025,07,西会津町,07405
2025,07,西郷村,07461
2025,07,郡山市,07203
2025,07,金山町,07445
2025,07,鏡石町,07342
2025,07,須賀川市,07207
2025,07,飯舘村,07564
2025,07,鮫川村,07484
2025,08,かすみがうら市,08230
2025,08,つくばみらい市,08235
2025,08,つくば市,08220
2025,08,ひたちなか市,08221
2025,08,下妻市,08210
2025,08,五霞町,08542
2025,08,八千代町,08521
2025,08,利根町,08564
2025,08,北茨城市,08215
2025,08,取手市,08217
2025,08,古河市,08204
2025,08,土浦市,08203
2025,08,坂東市,08228
2025,08,城里町,08310
2025,08,境町,08546
2025,08,大子町,08364
2025,08,大洗町,08309
2025,08,守谷市,08224
2025,08,小美玉市,08236
2025,08,常総市,08211
2025,08,常陸大宮市,08225
2025,08,常陸太田市,08212
2025,08,日立市,08202
2025,08,東海村,08341
2025,08,桜川市,08231
2025,08,水戸市,08201
2025,08,河内町,08447
2025,08,潮来市,08223
2025,08,牛久市,08219
2025,08,石岡市,08205
2025,08,神栖市,08232
2025,08,稲敷市,08229
2025,08,笠間市,08216
2025,08,筑西市,08227
2025,08,結城市,08207
2025,08,美浦村,08442
2025,08,茨城町,08302
2025,08,行方市,08233
2025,08,那珂市,08226
2025,08,鉾田市,08234
2025,08,阿見町,08443
2025,08,高萩市,08214
2025,08,鹿嶋市,08222
2025,08,龍ケ崎市,08208
2025,09,さくら市,09214
2025,09,上三川町,09301
2025,09,下野市,09216
2025,09,佐野市,09204
2025,09,塩谷町,09384
2025,09,壬生町,09361
2025,09,大田原市,09210
2025,09,宇都宮市,09201
2025,09,小山市,09208
2025,09,市貝町,09344
2025,09,日光市,09206
2025,09,栃木市,09203
2025,09,益子町,09342
2025,09,真岡市,09209
2025,09,矢板市,09211
2025,09,芳賀町,09345
2025,09,茂木町,09343
2025,09,足利市,09202
2025,09,那珂川町,09411
2025,09,那須塩原市,09213
2025,09,那須烏山市,09215
2025,09,那須町,09407
2025,09,野木町,09364
2025,09,高根沢町,09386
2025,09,鹿沼市,09205
2025,10,みどり市,10212
2025,10,みなかみ町,10449
2025,10,上野村,10366
2025,10,下仁田町,10382
2025,10,中之条町,10421
2025,10,伊勢崎市,10204
2025,10,前橋市,10201
2025,10,千代田町,10523
2025,10,南牧村,10383
2025,10,吉岡町,10345
2025,10,大泉町,10524
2025,10,太田市,10205
2025,10,嬬恋村,10425
2025,10,安中市,10211
2025,10,富岡市,10210
2025,10,川場村,10444
2025,10,明和町,10522
2025,10,昭和村,10448
2025,10,東吾妻町,10429
2025,10,板倉町,10521
2025,10,桐生市,10203
2025,10,榛東村,10344
2025,10,沼田市,10206
2025,10,渋川市,10208
2025,10,片品村,10443
2025,10,玉村町,10464
2025,10,甘楽町,10384
2025,10,神流町,10367
2025,10,草津町,10426
2025,10,藤岡市,10209
2025,10,邑楽町,10525
2025,10,長野原町,10424
2025,10,館林市,10207
2025,10,高山村,10428
2025,10,高崎市,10202
2025,11,さいたま市中央区,11105
2025,11,さいたま市北区,11102
2025,11,さいたま市南区,11108
2025,11,さいたま市大宮区,11103
2025,11,さいたま市岩槻区,11110
2025,11,さいたま市桜区,11106
2025,11,さいたま市浦和区,11107
2025,11,さいたま市緑区,11109
2025,11,さいたま市西区,11101
2025,11,さいたま市見沼区,11104
2025,11,ときがわ町,11349
2025,11,ふじみ野市,11245
2025,11,三芳町,11324
2025,11,三郷市,11237
2025,11,上尾市,11219
2025,11,上里町,11385
2025,11,久喜市,11232
2025,11,伊奈町,11301
2025,11,入間市,11225
2025,11,八潮市,11234
2025,11,加須市,11210
2025,11,北本市,11233
2025,11,吉川市,11243
2025,11,吉見町,11347
2025,11,和光市,11229
2025,11,坂戸市,11239
2025,11,宮代町,11442
2025,11,寄居町,11408
2025,11,富士見市,11235
2025,11,小川町,11343
2025,11,小鹿野町,11365
2025,11,嵐山町,11342
2025,11,川口市,11203
2025,11,川島町,11346
2025,11,川越市,11201
2025,11,幸手市,11240
2025,11,志木市,11228
2025,11,戸田市,11224
2025,11,所沢市,11208
2025,11,新座市,11230
2025,11,日高市,11242
2025,11,春日部市,11214
2025,11,朝霞市,11227
2025,11,本庄市,11211
2025,11,杉戸町,11464
2025,11,東松山市,11212
2025,11,東秩父村,11369
2025,11,松伏町,11465
2025,11,桶川市,11231
2025,11,横瀬町,11361
2025,11,毛呂山町,11326
2025,11,深谷市,11218
2025,11,滑川町,11341
2025,11,熊谷市,11202
2025,11,狭山市,11215
2025,11,白岡市,11246
2025,11,皆野町,11362
2025,11,神川町,11383
2025,11,秩父市,11207
2025,11,美里町,11381
2025,11,羽生市,11216
2025,11,草加市,11221
2025,11,蓮田市,11238
2025,11,蕨市,11223
2025,11,行田市,11206
2025,11,越生町,11327
2025,11,越谷市,11222
2025,11,長瀞町,11363
2025,11,飯能市,11209
2025,11,鳩山町,11348
2025,11,鴻巣市,11217
2025,11,鶴ヶ島市,11241
2025,12,いすみ市,12238
2025,12,一宮町,12421
2025,12,九十九里町,12403
2025,12,佐倉市,12212
2025,12,八千代市,12221
2025,12,八街市,12230
2025,12,勝浦市,12218
2025,12,匝瑳市,12235
2025,12,千葉市中央区,12101
2025,12,千葉市稲毛区,12103
2025,12,千葉市緑区,12105
2025,12,千葉市美浜区,12106
2025,12,千葉市花見川区,12102
2025,12,千葉市若葉区,12104
2025,12,南房総市,12234
2025,12,印西市,12231
2025,12,君津市,12225
2025,12,四街道市,12228
2025,12,多古町,12347
2025,12,大多喜町,12441
2025,12,大網白里市,12239
2025,12,富津市,12226
2025,12,富里市,12233
2025,12,山武市,12237
2025,12,市原市,12219
2025,12,市川市,12203
2025,12,御宿町,12443
2025,12,成田市,12211
2025,12,我孫子市,12222
2025,12,旭市,12215
2025,12,木更津市,12206
2025,12,東庄町,12349
2025,12,東金市,12213
2025,12,松戸市,12207
2025,12,柏市,12217
2025,12,栄町,12329
2025,12,横芝光町,12410
2025,12,流山市,12220
2025,12,浦安市,12227
2025,12,白井市,12232
2025,12,白子町,12424
2025,12,睦沢町,12422
2025,12,神崎町,12342
2025,12,習志野市,12216
2025,12,船橋市,12204
2025,12,芝山町,12409
2025,12,茂原市,12210
2025,12,袖ケ浦市,12229
2025,12,酒々井町,12322
2025,12,野田市,12208
2025,12,銚子市,12202
2025,12,鋸南町,12463
2025,12,鎌ケ谷市,12224
2025,12,長南町,12427
2025,12,長柄町,12426
2025,12,長生村,12423
2025,12,館山市,12205
2025,12,香取市,12236
2025,12,鴨川市,12223
2025,13,あきる野市,13228
2025,13,三宅村,13381
2025,13,三鷹市,13204
2025,13,世田谷区,13112
2025,13,中央区,13102
2025,13,中野区,13114
2025,13,八丈町,13401
2025,13,八王子市,13201
2025,13,利島村,13362
2025,13,北区,13117
2025,13,千代田区,13101
2025,13,台東区,13106
2025,13,品川区,13109
2025,13,国分寺市,13214
2025,13,国立市,13215
2025,13,墨田区,13107
2025,13,多摩市,13224
2025,13,大島町,13361
2025,13,大田区,13111
2025,13,奥多摩町,13308
2025,13,小平市,13211
2025,13,小笠原村,13421
2025,13,小金井市,13210
2025,13,府中市,13206
2025,13,御蔵島村,13382
2025,13,文京区,13105
2025,13,新宿区,13104
2025,13,新島村,13363
2025,13,日の出町,13305
2025,13,日野市,13212
2025,13,昭島市,13207
2025,13,杉並区,13115
2025,13,東久留米市,13222
2025,13,東大和市,13220
2025,13,東村山市,13213
2025,13,板橋区,13119
2025,13,檜原村,13307
2025,13,武蔵村山市,13223
2025,13,武蔵野市,13203
2025,13,江戸川区,13123
2025,13,江東区,13108
2025,13,清瀬市,13221
2025,13,渋谷区,13113
2025,13,港区,13103
2025,13,狛江市,13219
2025,13,瑞穂町,13303
2025,13,町田市,13209
2025,13,目黒区,13110
2025,13,神津島村,13364
2025,13,福生市,13218
2025,13,稲城市,13225
2025,13,立川市,13202
2025,13,練馬区,13120
2025,13,羽村市,13227
2025,13,荒川区,13118
2025,13,葛飾区,13122
2025,13,西東京市,13229
2025,13,調布市,13208
2025,13,豊島区,13116
2025,13,足立区,13121
2025,13,青ヶ島村,13402
2025,13,青梅市,13205
2025,14,三浦市,14210
2025,14,中井町,14361
2025,14,二宮町,14342
2025,14,伊勢原市,14214
2025,14,南足柄市,14217
2025,14,厚木市,14212
2025,14,大井町,14362
2025,14,大和市,14213
2025,14,大磯町,14341
2025,14,寒川町,14321
2025,14,小田原市,14206
2025,14,山北町,14364
2025,14,川崎市中原区,14133
2025,14,川崎市多摩区,14135
2025,14,川崎市宮前区,14136
2025,14,川崎市川崎区,14131
2025,14,川崎市幸区,14132
2025,14,川崎市高津区,14134
2025,14,川崎市麻生区,14137
2025,14,平塚市,14203
2025,14,座間市,14216
2025,14,愛川町,14401
2025,14,松田町,14363
2025,14,横浜市中区,14104
2025,14,横浜市保土ケ谷区,14106
2025,14,横浜市南区,14105
2025,14,横浜市戸塚区,14110
2025,14,横浜市旭区,14112
2025,14,横浜市栄区,14115
2025,14,横浜市泉区,14116
2025,14,横浜市港北区,14109
2025,14,横浜市港南区,14111
2025,14,横浜市瀬谷区,14114
2025,14,横浜市磯子区,14107
2025,14,横浜市神奈川区,14102
2025,14,横浜市緑区,14113
2025,14,横浜市西区,14103
2025,14,横浜市都筑区,14118
2025,14,横浜市金沢区,14108
2025,14,横浜市青葉区,14117
2025,14,横浜市鶴見区,14101
2025,14,横須賀市,14201
2025,14,海老名市,14215
2025,14,清川村,14402
2025,14,湯河原町,14384
2025,14,相模原市中央区,14152
2025,14,相模原市南区,14153
2025,14,相模原市緑区,14151
2025,14,真鶴町,14383
2025,14,秦野市,14211
2025,14,箱根町,14382
2025,14,綾瀬市,14218
2025,14,茅ヶ崎市,14207
2025,14,葉山町,14301
2025,14,藤沢市,14205
2025,14,逗子市,14208
2025,14,鎌倉市,14204
2025,14,開成町,14366
2025,15,三条市,15204
2025,15,上越市,15222
2025,15,五泉市,15218
2025,15,佐渡市,15224
2025,15,出雲崎町,15405
2025,15,刈羽村,15504
2025,15,加茂市,15209
2025,15,十日町市,15210
2025,15,南魚沼市,15226
2025,15,妙高市,15217
2025,15,小千谷市,15208
2025,15,弥彦村,15342
2025,15,新潟市中央区,15103
2025,15,新潟市北区,15101
2025,15,新潟市南区,15106
2025,15,新潟市東区,15102
2025,15,新潟市江南区,15104
2025,15,新潟市秋葉区,15105
2025,15,新潟市西区,15107
2025,15,新潟市西蒲区,15108
2025,15,新発田市,15206
2025,15,村上市,15212
2025,15,柏崎市,15205
2025,15,津南町,15482
2025,15,湯沢町,15461
2025,15,燕市,15213
2025,15,田上町,15361
2025,15,粟島浦村,15586
2025,15,糸魚川市,15216
2025,15,聖籠町,15307
2025,15,胎内市,15227
2025,15,見附市,15211
2025,15,長岡市,15202
2025,15,関川村,15581
2025,15,阿賀町,15385
2025,15,阿賀野市,15223
2025,15,魚沼市,15225
2025,16,上市町,16322
2025,16,入善町,16342
2025,16,南砺市,16210
2025,16,富山市,16201
2025,16,射水市,16211
2025,16,小矢部市,16209
2025,16,朝日町,16343
2025,16,氷見市,16205
2025,16,滑川市,16206
2025,16,砺波市,16208
2025,16,立山町,16323
2025,16,舟橋村,16321
2025,16,高岡市,16202
2025,16,魚津市,16204
2025,16,黒部市,16207
2025,17,かほく市,17209
2025,17,七尾市,17202
2025,17,中能登町,17407
2025,17,内灘町,17365
2025,17,加賀市,17206
2025,17,宝達志水町,17386
2025,17,小松市,17203
2025,17,川北町,17324
2025,17,志賀町,17384
2025,17,津幡町,17361
2025,17,珠洲市,17205
2025,17,白山市,17210
2025,17,穴水町,17461
2025,17,羽咋市,17207
2025,17,能登町,17463
2025,17,能美市,17211
2025,17,輪島市,17204
2025,17,野々市市,17212
2025,17,金沢市,17201
2025,18,あわら市,18208
2025,18,おおい町,18483
2025,18,勝山市,18206
2025,18,南越前町,18404
2025,18,坂井市,18210
2025,18,大野市,18205
2025,18,小浜市,18204
2025,18,敦賀市,18202
2025,18,永平寺町,18322
2025,18,池田町,18382
2025,18,福井市,18201
2025,18,美浜町,18442
2025,18,若狭町,18501
2025,18,越前市,18209
2025,18,越前町,18423
2025,18,高浜町,18481
2025,18,鯖江市,18207
2025,19,上野原市,19212
2025,19,中央市,19214
2025,19,丹波山村,19443
2025,19,北杜市,19209
2025,19,南アルプス市,19208
2025,19,南部町,19366
2025,19,大月市,19206
2025,19,富士吉田市,19202
2025,19,富士川町,19368
2025,19,富士河口湖町,19430
2025,19,小菅村,19442
2025,19,山中湖村,19425
2025,19,山梨市,19205
2025,19,市川三郷町,19346
2025,19,忍野村,19424
2025,19,早川町,19364
2025,19,昭和町,19384
2025,19,甲州市,19213
2025,19,甲府市,19201
2025,19,甲斐市,19210
2025,19,笛吹市,19211
2025,19,西桂町,19423
2025,19,身延町,19365
2025,19,道志村,19422
2025,19,都留市,19204
2025,19,韮崎市,19207
2025,19,鳴沢村,19429
2025,20,上松町,20422
2025,20,上田市,20203
2025,20,下條村,20411
2025,20,下諏訪町,20361
2025,20,中川村,20386
2025,20,中野市,20211
2025,20,伊那市,20209
2025,20,佐久市,20217
2025,20,佐久穂町,20309
2025,20,信濃町,20583
2025,20,北相木村,20307
2025,20,千曲市,20218
2025,20,南木曽町,20423
2025,20,南牧村,20305
2025,20,南相木村,20306
2025,20,南箕輪村,20385
2025,20,原村,20363
2025,20,喬木村,20415
2025,20,坂城町,20521
2025,20,塩尻市,20215
2025,20,売木村,20412
2025,20,大桑村,20430
2025,20,大町市,20212
2025,20,大鹿村,20417
2025,20,天龍村,20413
2025,20,安曇野市,20220
2025,20,宮田村,20388
2025,20,富士見町,20362
2025,20,小川村,20588
2025,20,小布施町,20541
2025,20,小海町,20303
2025,20,小諸市,20208
2025,20,小谷村,20486
2025,20,山ノ内町,20561
2025,20,山形村,20450
2025,20,岡谷市,20204
2025,20,川上村,20304
2025,20,平谷村,20409
2025,20,御代田町,20323
2025,20,朝日村,20451
2025,20,木島平村,20562
2025,20,木曽町,20432
2025,20,木祖村,20425
2025,20,東御市,20219
2025,20,松川村,20482
2025,20,松川町,20402
2025,20,松本市,20202
2025,20,栄村,20602
2025,20,根羽村,20410
2025,20,池田町,20481
2025,20,泰阜村,20414
2025,20,王滝村,20429
2025,20,生坂村,20448
2025,20,白馬村,20485
2025,20,立科町,20324
2025,20,筑北村,20452
2025,20,箕輪町,20383
2025,20,茅野市,20214
2025,20,諏訪市,20206
2025,20,豊丘村,20416
2025,20,軽井沢町,20321
2025,20,辰野町,20382
2025,20,野沢温泉村,20563
2025,20,長和町,20350
2025,20,長野市,20201
2025,20,阿南町,20404
2025,20,阿智村,20407
2025,20,青木村,20349
2025,20,須坂市,20207
2025,20,飯山市,20213
2025,20,飯島町,20384
2025,20,飯田市,20205
2025,20,飯綱町,20590
2025,20,駒ヶ根市,20210
2025,20,高山村,20543
2025,20,高森町,20403
2025,20,麻績村,20446
2025,21,七宗町,21504
2025,21,下呂市,21220
2025,21,中津川市,21206
2025,21,八百津町,21505
2025,21,北方町,21421
2025,21,可児市,21214
2025,21,各務原市,21213
2025,21,土岐市,21212
2025,21,坂祝町,21501
2025,21,垂井町,21361
2025,21,多治見市,21204
2025,21,大垣市,21202
2025,21,大野町,21403
2025,21,安八町,21383
2025,21,富加町,21502
2025,21,山県市,21215
2025,21,岐南町,21302
2025,21,岐阜市,21201
2025,21,川辺町,21503
2025,21,御嵩町,21521
2025,21,恵那市,21210
2025,21,揖斐川町,21401
2025,21,本巣市,21218
2025,21,東白川村,21507
2025,21,池田町,21404
2025,21,海津市,21221
2025,21,瑞浪市,21208
2025,21,瑞穂市,21216
2025,21,白川村,21604
2025,21,白川町,21506
2025,21,神戸町,21381
2025,21,笠松町,21303
2025,21,美濃加茂市,21211
2025,21,美濃市,21207
2025,21,羽島市,21209
2025,21,輪之内町,21382
2025,21,郡上市,21219
2025,21,関ケ原町,21362
2025,21,関市,21205
2025,21,飛騨市,21217
2025,21,養老町,21341
2025,21,高山市,21203
2025,22,三島市,22206
2025,22,下田市,22219
2025,22,伊東市,22208
2025,22,伊豆の国市,22225
2025,22,伊豆市,22222
2025,22,函南町,22325
2025,22,南伊豆町,22304
2025,22,吉田町,22424
2025,22,富士宮市,22207
2025,22,富士市,22210
2025,22,小山町,22344
2025,22,島田市,22209
2025,22,川根本町,22429
2025,22,御前崎市,22223
2025,22,御殿場市,22215
2025,22,掛川市,22213
2025,22,東伊豆町,22301
2025,22,松崎町,22305
2025,22,森町,22461
2025,22,河津町,22302
2025,22,沼津市,22203
2025,22,浜松市中央区,22138
2025,22,浜松市天竜区,22140
2025,22,浜松市浜名区,22139
2025,22,清水町,22341
2025,22,湖西市,22221
2025,22,焼津市,22212
2025,22,熱海市,22205
2025,22,牧之原市,22226
2025,22,磐田市,22211
2025,22,菊川市,22224
2025,22,藤枝市,22214
2025,22,袋井市,22216
2025,22,裾野市,22220
2025,22,西伊豆町,22306
2025,22,長泉町,22342
2025,22,静岡市清水区,22103
2025,22,静岡市葵区,22101
2025,22,静岡市駿河区,22102
2025,23,あま市,23237
2025,23,みよし市,23236
2025,23,一宮市,23203
2025,23,刈谷市,23210
2025,23,北名古屋市,23234
2025,23,半田市,23205
2025,23,南知多町,23445
2025,23,名古屋市中区,23106
2025,23,名古屋市中川区,23110
2025,23,名古屋市中村区,23105
2025,23,名古屋市北区,23103
2025,23,名古屋市千種区,23101
2025,23,名古屋市南区,23112
2025,23,名古屋市名東区,23115
2025,23,名古屋市天白区,23116
2025,23,名古屋市守山区,23113
2025,23,名古屋市昭和区,23107
2025,23,名古屋市東区,23102
2025,23,名古屋市港区,23111
2025,23,名古屋市熱田区,23109
2025,23,名古屋市瑞穂区,23108
2025,23,名古屋市緑区,23114
2025,23,名古屋市西区,23104
2025,23,大口町,23361
2025,23,大府市,23223
2025,23,大治町,23424
2025,23,安城市,23212
2025,23,小牧市,23219
2025,23,尾張旭市,23226
2025,23,岡崎市,23202
2025,23,岩倉市,23228
2025,23,常滑市,23216
2025,23,幸田町,23501
2025,23,弥富市,23235
2025,23,愛西市,23232
2025,23,扶桑町,23362
2025,23,新城市,23221
2025,23,日進市,23230
2025,23,春日井市,23206
2025,23,東栄町,23562
2025,23,東浦町,23442
2025,23,東海市,23222
2025,23,東郷町,23302
2025,23,武豊町,23447
2025,23,江南市,23217
2025,23,津島市,23208
2025,23,清須市,23233
2025,23,瀬戸市,23204
2025,23,犬山市,23215
2025,23,田原市,23231
2025,23,知多市,23224
2025,23,知立市,23225
2025,23,碧南市,23209
2025,23,稲沢市,23220
2025,23,美浜町,23446
2025,23,蒲郡市,23214
2025,23,蟹江町,23425
2025,23,西尾市,23213
2025,23,設楽町,23561
2025,23,豊山町,23342
2025,23,豊川市,23207
2025,23,豊明市,23229
2025,23,豊根村,23563
2025,23,豊橋市,23201
2025,23,豊田市,23211
2025,23,長久手市,23238
2025,23,阿久比町,23441
2025,23,飛島村,23427
2025,23,高浜市,23227
2025,24,いなべ市,24214
2025,24,亀山市,24210
2025,24,伊勢市,24203
2025,24,伊賀市,24216
2025,24,南伊勢町,24472
2025,24,名張市,24208
2025,24,四日市市,24202
2025,24,多気町,24441
2025,24,大台町,24443
2025,24,大紀町,24471
2025,24,尾鷲市,24209
2025,24,川越町,24344
2025,24,度会町,24470
2025,24,御浜町,24561
2025,24,志摩市,24215
2025,24,明和町,24442
2025,24,朝日町,24343
2025,24,木曽岬町,24303
2025,24,東員町,24324
2025,24,松阪市,24204
2025,24,桑名市,24205
2025,24,津市,24201
2025,24,熊野市,24212
2025,24,玉城町,24461
2025,24,紀北町,24543
2025,24,紀宝町,24562
2025,24,菰野町,24341
2025,24,鈴鹿市,24207
2025,24,鳥羽市,24211
2025,25,多賀町,25443
2025,25,大津市,25201
2025,25,守山市,25207
2025,25,彦根市,25202
2025,25,愛荘町,25425
2025,25,日野町,25383
2025,25,東近江市,25213
2025,25,栗東市,25208
2025,25,湖南市,25211
2025,25,甲良町,25442
2025,25,甲賀市,25209
2025,25,竜王町,25384
2025,25,米原市,25214
2025,25,草津市,25206
2025,25,豊郷町,25441
2025,25,近江八幡市,25204
2025,25,野洲市,25210
2025,25,長浜市,25203
2025,25,高島市,25212
2025,26,与謝野町,26465
2025,26,久御山町,26322
2025,26,亀岡市,26206
2025,26,井手町,26343
2025,26,京丹後市,26212
2025,26,京丹波町,26407
2025,26,京田辺市,26211
2025,26,京都市上京区,26102
2025,26,京都市下京区,26106
2025,26,京都市中京区,26104
2025,26,京都市伏見区,26109
2025,26,京都市北区,26101
2025,26,京都市南区,26107
2025,26,京都市右京区,26108
2025,26,京都市山科区,26110
2025,26,京都市左京区,26103
2025,26,京都市東山区,26105
2025,26,京都市西京区,26111
2025,26,伊根町,26463
2025,26,八幡市,26210
2025,26,南丹市,26213
2025,26,南山城村,26367
2025,26,向日市,26208
2025,26,和束町,26365
2025,26,城陽市,26207
2025,26,大山崎町,26303
2025,26,宇治市,26204
2025,26,宇治田原町,26344
2025,26,宮津市,26205
2025,26,木津川市,26214
2025,26,福知山市,26201
2025,26,笠置町,26364
2025,26,精華町,26366
2025,26,綾部市,26203
2025,26,舞鶴市,26202
2025,26,長岡京市,26209
2025,27,交野市,27230
2025,27,八尾市,27212
2025,27,千早赤阪村,27383
2025,27,吹田市,27205
2025,27,和泉市,27219
2025,27,四條畷市,27229
2025,27,堺市中区,27142
2025,27,堺市北区,27146
2025,27,堺市南区,27145
2025,27,堺市堺区,27141
2025,27,堺市東区,27143
2025,27,堺市美原区,27147
2025,27,堺市西区,27144
2025,27,大東市,27218
2025,27,大阪市中央区,27128
2025,27,大阪市住之江区,27125
2025,27,大阪市住吉区,27120
2025,27,大阪市北区,27127
2025,27,大阪市城東区,27118
2025,27,大阪市大正区,27108
2025,27,大阪市天王寺区,27109
2025,27,大阪市平野区,27126
2025,27,大阪市旭区,27117
2025,27,大阪市東住吉区,27121
2025,27,大阪市東成区,27115
2025,27,大阪市東淀川区,27114
2025,27,大阪市此花区,27104
2025,27,大阪市浪速区,27111
2025,27,大阪市淀川区,27123
2025,27,大阪市港区,27107
2025,27,大阪市生野区,27116
2025,27,大阪市福島区,27103
2025,27,大阪市西区,27106
2025,27,大阪市西成区,27122
2025,27,大阪市西淀川区,27113
2025,27,大阪市都島区,27102
2025,27,大阪市阿倍野区,27119
2025,27,大阪市鶴見区,27124
2025,27,大阪狭山市,27231
2025,27,太子町,27381
2025,27,守口市,27209
2025,27,富田林市,27214
2025,27,寝屋川市,27215
2025,27,岬町,27366
2025,27,岸和田市,27202
2025,27,島本町,27301
2025,27,忠岡町,27341
2025,27,摂津市,27224
2025,27,東大阪市,27227
2025,27,松原市,27217
2025,27,枚方市,27210
2025,27,柏原市,27221
2025,27,池田市,27204
2025,27,河内長野市,27216
2025,27,河南町,27382
2025,27,泉佐野市,27213
2025,27,泉南市,27228
2025,27,泉大津市,27206
2025,27,熊取町,27361
2025,27,田尻町,27362
2025,27,箕面市,27220
2025,27,羽曳野市,27222
2025,27,能勢町,27322
2025,27,茨木市,27211
2025,27,藤井寺市,27226
2025,27,豊中市,27203
2025,27,豊能町,27321
2025,27,貝塚市,27208
2025,27,門真市,27223
2025,27,阪南市,27232
2025,27,高槻市,27207
2025,27,高石市,27225
2025,28,たつの市,28229
2025,28,三木市,28215
2025,28,三田市,28219
2025,28,上郡町,28481
2025,28,丹波市,28223
2025,28,丹波篠山市,28221
2025,28,伊丹市,28207
2025,28,佐用町,28501
2025,28,加古川市,28210
2025,28,加東市,28228
2025,28,加西市,28220
2025,28,南あわじ市,28224
2025,28,多可町,28365
2025,28,太子町,28464
2025,28,姫路市,28201
2025,28,宍粟市,28227
2025,28,宝塚市,28214
2025,28,小野市,28218
2025,28,尼崎市,28202
2025,28,川西市,28217
2025,28,市川町,28442
2025,28,播磨町,28382
2025,28,新温泉町,28586
2025,28,明石市,28203
2025,28,朝来市,28225
2025,28,洲本市,28205
2025,28,淡路市,28226
2025,28,猪名川町,28301
2025,28,相生市,28208
2025,28,神戸市中央区,28110
2025,28,神戸市兵庫区,28105
2025,28,神戸市北区,28109
2025,28,神戸市垂水区,28108
2025,28,神戸市東灘区,28101
2025,28,神戸市灘区,28102
2025,28,神戸市西区,28111
2025,28,神戸市長田区,28106
2025,28,神戸市須磨区,28107
2025,28,神河町,28446
2025,28,福崎町,28443
2025,28,稲美町,28381
2025,28,芦屋市,28206
2025,28,西宮市,28204
2025,28,西脇市,28213
2025,28,豊岡市,28209
2025,28,赤穂市,28212
2025,28,養父市,28222
2025,28,香美町,28585
2025,28,高砂市,28216
2025,29,三宅町,29362
2025,29,三郷町,29343
2025,29,上北山村,29451
2025,29,上牧町,29424
2025,29,下北山村,29450
2025,29,下市町,29443
2025,29,五條市,29207
2025,29,十津川村,29449
2025,29,吉野町,29441
2025,29,大和郡山市,29203
2025,29,大和高田市,29202
2025,29,大淀町,29442
2025,29,天川村,29446
2025,29,天理市,29204
2025,29,奈良市,29201
2025,29,宇陀市,29212
2025,29,安堵町,29345
2025,29,山添村,29322
2025,29,川上村,29452
2025,29,川西町,29361
2025,29,平群町,29342
2025,29,広陵町,29426
2025,29,御所市,29208
2025,29,御杖村,29386
2025,29,斑鳩町,29344
2025,29,明日香村,29402
2025,29,曽爾村,29385
2025,29,東吉野村,29453
2025,29,桜井市,29206
2025,29,橿原市,29205
2025,29,河合町,29427
2025,29,王寺町,29425
2025,29,生駒市,29209
2025,29,田原本町,29363
2025,29,葛城市,29211
2025,29,野迫川村,29447
2025,29,香芝市,29210
2025,29,高取町,29401
2025,29,黒滝村,29444
2025,30,かつらぎ町,30341
2025,30,すさみ町,30406
2025,30,みなべ町,30391
2025,30,上富田町,30404
2025,30,串本町,30428
2025,30,九度山町,30343
2025,30,北山村,30427
2025,30,印南町,30390
2025,30,古座川町,30424
2025,30,和歌山市,30201
2025,30,太地町,30422
2025,30,岩出市,30209
2025,30,広川町,30362
2025,30,御坊市,30205
2025,30,新宮市,30207
2025,30,日高川町,30392
2025,30,日高町,30382
2025,30,有田川町,30366
2025,30,有田市,30204
2025,30,橋本市,30203
2025,30,海南市,30202
2025,30,湯浅町,30361
2025,30,田辺市,30206
2025,30,由良町,30383
2025,30,白浜町,30401
2025,30,紀の川市,30208
2025,30,紀美野町,30304
2025,30,美浜町,30381
2025,30,那智勝浦町,30421
2025,30,高野町,30344
2025,31,三朝町,31364
2025,31,伯耆町,31390
2025,31,倉吉市,31203
2025,31,八頭町,31329
2025,31,北栄町,31372
2025,31,南部町,31389
2025,31,境港市,31204
2025,31,大山町,31386
2025,31,岩美町,31302
2025,31,日南町,31401
2025,31,日吉津村,31384
2025,31,日野町,31402
2025,31,智頭町,31328
2025,31,江府町,31403
2025,31,湯梨浜町,31370
2025,31,琴浦町,31371
2025,31,米子市,31202
2025,31,若桜町,31325
2025,31,鳥取市,31201
2025,32,出雲市,32203
2025,32,吉賀町,32505
2025,32,大田市,32205
2025,32,奥出雲町,32343
2025,32,安来市,32206
2025,32,川本町,32441
2025,32,松江市,32201
2025,32,江津市,32207
2025,32,津和野町,32501
2025,32,浜田市,32202
2025,32,海士町,32525
2025,32,益田市,32204
2025,32,知夫村,32527
2025,32,美郷町,32448
2025,32,西ノ島町,32526
2025,32,邑南町,32449
2025,32,隠岐の島町,32528
2025,32,雲南市,32209
2025,32,飯南町,32386
2025,33,久米南町,33663
2025,33,井原市,33207
2025,33,倉敷市,33202
2025,33,備前市,33211
2025,33,勝央町,33622
2025,33,吉備中央町,33681
2025,33,和気町,33346
2025,33,奈義町,33623
2025,33,岡山市中区,33102
2025,33,岡山市北区,33101
2025,33,岡山市南区,33104
2025,33,岡山市東区,33103
2025,33,新庄村,33586
2025,33,新見市,33210
2025,33,早島町,33423
2025,33,津山市,33203
2025,33,浅口市,33216
2025,33,瀬戸内市,33212
2025,33,玉野市,33204
2025,33,真庭市,33214
2025,33,矢掛町,33461
2025,33,笠岡市,33205
2025,33,総社市,33208
2025,33,美作市,33215
2025,33,美咲町,33666
2025,33,西粟倉村,33643
2025,33,赤磐市,33213
2025,33,里庄町,33445
2025,33,鏡野町,33606
2025,33,高梁市,33209
2025,34,三原市,34204
2025,34,三次市,34209
2025,34,世羅町,34462
2025,34,北広島町,34369
2025,34,呉市,34202
2025,34,坂町,34309
2025,34,大崎上島町,34431
2025,34,大竹市,34211
2025,34,安芸太田町,34368
2025,34,安芸高田市,34214
2025,34,尾道市,34205
2025,34,広島市中区,34101
2025,34,広島市佐伯区,34108
2025,34,広島市南区,34103
2025,34,広島市安佐北区,34106
2025,34,広島市安佐南区,34105
2025,34,広島市安芸区,34107
2025,34,広島市東区,34102
2025,34,広島市西区,34104
2025,34,庄原市,34210
2025,34,府中市,34208
2025,34,府中町,34302
2025,34,廿日市市,34213
2025,34,東広島市,34212
2025,34,江田島市,34215
2025,34,海田町,34304
2025,34,熊野町,34307
2025,34,神石高原町,34545
2025,34,福山市,34207
2025,34,竹原市,34203
2025,35,上関町,35341
2025,35,下松市,35207
2025,35,下関市,35201
2025,35,光市,35210
2025,35,周南市,35215
2025,35,周防大島町,35305
2025,35,和木町,35321
2025,35,宇部市,35202
2025,35,山口市,35203
2025,35,山陽小野田市,35216
2025,35,岩国市,35208
2025,35,平生町,35344
2025,35,柳井市,35212
2025,35,田布施町,35343
2025,35,美祢市,35213
2025,35,萩市,35204
2025,35,長門市,35211
2025,35,防府市,35206
2025,35,阿武町,35502
2025,36,つるぎ町,36468
2025,36,三好市,36208
2025,36,上勝町,36302
2025,36,上板町,36405
2025,36,佐那河内村,36321
2025,36,勝浦町,36301
2025,36,北島町,36402
2025,36,吉野川市,36205
2025,36,小松島市,36203
2025,36,徳島市,36201
2025,36,東みよし町,36489
2025,36,松茂町,36401
2025,36,板野町,36404
2025,36,海陽町,36388
2025,36,牟岐町,36383
2025,36,石井町,36341
2025,36,神山町,36342
2025,36,美波町,36387
2025,36,美馬市,36207
2025,36,藍住町,36403
2025,36,那賀町,36368
2025,36,阿南市,36204
2025,36,阿波市,36206
2025,36,鳴門市,36202
2025,37,さぬき市,37206
2025,37,まんのう町,37406
2025,37,三木町,37341
2025,37,三豊市,37208
2025,37,丸亀市,37202
2025,37,善通寺市,37204
2025,37,土庄町,37322
2025,37,坂出市,37203
2025,37,多度津町,37404
2025,37,宇多津町,37386
2025,37,小豆島町,37324
2025,37,東かがわ市,37207
2025,37,琴平町,37403
2025,37,直島町,37364
2025,37,綾川町,37387
2025,37,観音寺市,37205
2025,37,高松市,37201
2025,38,上島町,38356
2025,38,久万高原町,38386
2025,38,今治市,38202
2025,38,伊予市,38210
2025,38,伊方町,38442
2025,38,八幡浜市,38204
2025,38,内子町,38422
2025,38,四国中央市,38213
2025,38,大洲市,38207
2025,38,宇和島市,38203
2025,38,愛南町,38506
2025,38,新居浜市,38205
2025,38,東温市,38215
2025,38,松前町,38401
2025,38,松山市,38201
2025,38,松野町,38484
2025,38,砥部町,38402
2025,38,西予市,38214
2025,38,西条市,38206
2025,38,鬼北町,38488
2025,39,いの町,39386
2025,39,三原村,39427
2025,39,中土佐町,39401
2025,39,仁淀川町,39387
2025,39,佐川町,39402
2025,39,北川村,39305
2025,39,南国市,39204
2025,39,四万十市,39210
2025,39,四万十町,39412
2025,39,土佐市,39205
2025,39,土佐清水市,39209
2025,39,土佐町,39363
2025,39,大川村,39364
2025,39,大月町,39424
2025,39,大豊町,39344
2025,39,奈半利町,39302
2025,39,安田町,39304
2025,39,安芸市,39203
2025,39,室戸市,39202
2025,39,宿毛市,39208
2025,39,日高村,39410
2025,39,本山町,39341
2025,39,東洋町,39301
2025,39,梼原町,39405
2025,39,津野町,39411
2025,39,田野町,39303
2025,39,芸西村,39307
2025,39,越知町,39403
2025,39,須崎市,39206
2025,39,香南市,39211
2025,39,香美市,39212
2025,39,馬路村,39306
2025,39,高知市,39201
2025,39,黒潮町,39428
2025,40,うきは市,40225
2025,40,みやこ町,40625
2025,40,みやま市,40229
2025,40,上毛町,40646
2025,40,中間市,40215
2025,40,久山町,40348
2025,40,久留米市,40203
2025,40,八女市,40210
2025,40,北九州市八幡東区,40108
2025,40,北九州市八幡西区,40109
2025,40,北九州市小倉北区,40106
2025,40,北九州市小倉南区,40107
2025,40,北九州市戸畑区,40105
2025,40,北九州市若松区,40103
2025,40,北九州市門司区,40101
2025,40,古賀市,40223
2025,40,吉富町,40642
2025,40,嘉麻市,40227
2025,40,大任町,40608
2025,40,大刀洗町,40503
2025,40,大川市,40212
2025,40,大木町,40522
2025,40,大牟田市,40202
2025,40,大野城市,40219
2025,40,太宰府市,40221
2025,40,宇美町,40341
2025,40,宗像市,40220
2025,40,宮若市,40226
2025,40,小竹町,40401
2025,40,小郡市,40216
2025,40,岡垣町,40383
2025,40,川崎町,40605
2025,40,広川町,40544
2025,40,志免町,40343
2025,40,新宮町,40345
2025,40,春日市,40218
2025,40,朝倉市,40228
2025,40,東峰村,40448
2025,40,柳川市,40207
2025,40,桂川町,40421
2025,40,水巻町,40382
2025,40,添田町,40602
2025,40,田川市,40206
2025,40,直方市,40204
2025,40,福岡市中央区,40133
2025,40,福岡市南区,40134
2025,40,福岡市博多区,40132
2025,40,福岡市城南区,40136
2025,40,福岡市早良区,40137
2025,40,福岡市東区,40131
2025,40,福岡市西区,40135
2025,40,福智町,40610
2025,40,福津市,40224
2025,40,筑前町,40447
2025,40,筑後市,40211
2025,40,筑紫野市,40217
2025,40,築上町,40647
2025,40,篠栗町,40342
2025,40,粕屋町,40349
2025,40,糸島市,40230
2025,40,糸田町,40604
2025,40,芦屋町,40381
2025,40,苅田町,40621
2025,40,行橋市,40213
2025,40,豊前市,40214
2025,40,赤村,40609
2025,40,遠賀町,40384
2025,40,那珂川市,40305
2025,40,鞍手町,40402
2025,40,須恵町,40344
2025,40,飯塚市,40205
2025,40,香春町,40601
2025,41,みやき町,41346
2025,41,上峰町,41345
2025,41,伊万里市,41205
2025,41,佐賀市,41201
2025,41,吉野ヶ里町,41327
2025,41,唐津市,41202
2025,41,基山町,41341
2025,41,多久市,41204
2025,41,大町町,41423
2025,41,太良町,41441
2025,41,嬉野市,41209
2025,41,小城市,41208
2025,41,有田町,41401
2025,41,武雄市,41206
2025,41,江北町,41424
2025,41,玄海町,41387
2025,41,白石町,41425
2025,41,神埼市,41210
2025,41,鳥栖市,41203
2025,41,鹿島市,41207
2025,42,五島市,42211
2025,42,佐々町,42391
2025,42,佐世保市,42202
2025,42,南島原市,42214
2025,42,壱岐市,42210
2025,42,大村市,42205
2025,42,対馬市,42209
2025,42,小値賀町,42383
2025,42,島原市,42203
2025,42,川棚町,42322
2025,42,平戸市,42207
2025,42,新上五島町,42411
2025,42,時津町,42308
2025,42,東彼杵町,42321
2025,42,松浦市,42208
2025,42,波佐見町,42323
2025,42,西海市,42212
2025,42,諫早市,42204
2025,42,長与町,42307
2025,42,長崎市,42201
2025,42,雲仙市,42213
2025,43,あさぎり町,43514
2025,43,上天草市,43212
2025,43,五木村,43511
2025,43,人吉市,43203
2025,43,八代市,43202
2025,43,南小国町,43423
2025,43,南関町,43367
2025,43,南阿蘇村,43433
2025,43,合志市,43216
2025,43,和水町,43369
2025,43,嘉島町,43442
2025,43,多良木町,43505
2025,43,大津町,43403
2025,43,天草市,43215
2025,43,宇土市,43211
2025,43,宇城市,43213
2025,43,小国町,43424
2025,43,山江村,43512
2025,43,山都町,43447
2025,43,山鹿市,43208
2025,43,御船町,43441
2025,43,水上村,43507
2025,43,水俣市,43205
2025,43,氷川町,43468
2025,43,津奈木町,43484
2025,43,湯前町,43506
2025,43,熊本市中央区,43101
2025,43,熊本市北区,43105
2025,43,熊本市南区,43104
2025,43,熊本市東区,43102
2025,43,熊本市西区,43103
2025,43,玉名市,43206
2025,43,玉東町,43364
2025,43,球磨村,43513
2025,43,産山村,43425
2025,43,甲佐町,43444
2025,43,益城町,43443
2025,43,相良村,43510
2025,43,美里町,43348
2025,43,芦北町,43482
2025,43,苓北町,43531
2025,43,荒尾市,43204
2025,43,菊池市,43210
2025,43,菊陽町,43404
2025,43,西原村,43432
2025,43,錦町,43501
2025,43,長洲町,43368
2025,43,阿蘇市,43214
2025,43,高森町,43428
2025,44,中津市,44203
2025,44,九重町,44461
2025,44,佐伯市,44205
2025,44,別府市,44202
2025,44,国東市,44214
2025,44,大分市,44201
2025,44,姫島村,44322
2025,44,宇佐市,44211
2025,44,日出町,44341
2025,44,日田市,44204
2025,44,杵築市,44210
2025,44,津久見市,44207
2025,44,玖珠町,44462
2025,44,由布市,44213
2025,44,竹田市,44208
2025,44,臼杵市,44206
2025,44,豊後大野市,44212
2025,44,豊後高田市,44209
2025,45,えびの市,45209
2025,45,三股町,45341
2025,45,串間市,45207
2025,45,五ヶ瀬町,45443
2025,45,国富町,45382
2025,45,宮崎市,45201
2025,45,小林市,45205
2025,45,川南町,45405
2025,45,延岡市,45203
2025,45,新富町,45402
2025,45,日之影町,45442
2025,45,日南市,45204
2025,45,日向市,45206
2025,45,木城町,45404
2025,45,椎葉村,45430
2025,45,綾町,45383
2025,45,美郷町,45431
2025,45,西米良村,45403
2025,45,西都市,45208
2025,45,諸塚村,45429
2025,45,都城市,45202
2025,45,都農町,45406
2025,45,門川町,45421
2025,45,高千穂町,45441
2025,45,高原町,45361
2025,45,高鍋町,45401
2025,46,いちき串木野市,46219
2025,46,さつま町,46392
2025,46,三島村,46303
2025,46,与論町,46535
2025,46,中種子町,46501
2025,46,伊仙町,46532
2025,46,伊佐市,46224
2025,46,出水市,46208
2025,46,十島村,46304
2025,46,南さつま市,46220
2025,46,南九州市,46223
2025,46,南大隅町,46491
2025,46,南種子町,46502
2025,46,和泊町,46533
2025,46,喜界町,46529
2025,46,垂水市,46214
2025,46,大和村,46523
2025,46,大崎町,46468
2025,46,天城町,46531
2025,46,奄美市,46222
2025,46,姶良市,46225
2025,46,宇検村,46524
2025,46,屋久島町,46505
2025,46,徳之島町,46530
2025,46,志布志市,46221
2025,46,指宿市,46210
2025,46,日置市,46216
2025,46,曽於市,46217
2025,46,東串良町,46482
2025,46,枕崎市,46204
2025,46,湧水町,46452
2025,46,瀬戸内町,46525
2025,46,知名町,46534
2025,46,肝付町,46492
2025,46,薩摩川内市第１,46215
2025,46,薩摩川内市第２,46215
2025,46,西之表市,46213
2025,46,錦江町,46490
2025,46,長島町,46404
2025,46,阿久根市,46206
2025,46,霧島市,46218
2025,46,鹿児島市,46201
2025,46,鹿屋市,46203
2025,46,龍郷町,46527
2025,47,うるま市,47213
2025,47,与那原町,47348
2025,47,与那国町,47382
2025,47,中城村,47328
2025,47,久米島町,47361
2025,47,今帰仁村,47306
2025,47,伊平屋村,47359
2025,47,伊是名村,47360
2025,47,伊江村,47315
2025,47,八重瀬町,47362
2025,47,北中城村,47327
2025,47,北大東村,47358
2025,47,北谷町,47326
2025,47,南城市,47215
2025,47,南大東村,47357
2025,47,南風原町,47350
2025,47,名護市,47209
2025,47,嘉手納町,47325
2025,47,国頭村,47301
2025,47,多良間村,47375
2025,47,大宜味村,47302
2025,47,宜野座村,47313
2025,47,宜野湾市,47205
2025,47,宮古島市,47214
2025,47,座間味村,47354
2025,47,恩納村,47311
2025,47,本部町,47308
2025,47,東村,47303
2025,47,沖縄市,47211
2025,47,浦添市,47208
2025,47,渡名喜村,47356
2025,47,渡嘉敷村,47353
2025,47,石垣市,47207
2025,47,竹富町,47381
2025,47,粟国村,47355
2025,47,糸満市,47210
2025,47,西原町,47329
2025,47,読谷村,47324
2025,47,豊見城市,47212
2025,47,那覇市,47201
2025,47,金武町,47314
